iter	Logloss
0	0.4056593732
1	0.3052357619
2	0.2281642542
3	0.1874827408
4	0.1540610771
5	0.1302460926
6	0.1100836188
7	0.09934431557
8	0.08942442018
9	0.082081818
